loadDestinations,2021-04-28 18-19-07,main
loadRoutes,2021-04-28 18-19-07,main
loadTrips,2021-04-28 18-19-07,main
loadTravellers,2021-04-28 18-19-07,main
addDestination,2021-04-28 18-19-07,main
loadDestinations,2021-04-28 18-21-20,main
loadRoutes,2021-04-28 18-21-20,main
loadTrips,2021-04-28 18-21-20,main
loadTravellers,2021-04-28 18-21-20,main
addDestination,2021-04-28 18-21-20,main
loadDestinations,2021-04-28 18-21-35,main
loadRoutes,2021-04-28 18-21-35,main
loadTrips,2021-04-28 18-21-35,main
loadTravellers,2021-04-28 18-21-35,main
addDestination,2021-04-28 18-21-35,main
loadDestinations,2021-04-28 18-25-33,main
loadRoutes,2021-04-28 18-25-34,main
loadTrips,2021-04-28 18-25-34,main
loadTravellers,2021-04-28 18-25-34,main
addDestination,2021-04-28 18-25-34,main
loadDestinations,2021-04-28 18-31-58,main
loadRoutes,2021-04-28 18-31-59,main
loadTrips,2021-04-28 18-31-59,main
loadTravellers,2021-04-28 18-31-59,main
addDestination,2021-04-28 18-31-59,main
loadDestinations,2021-04-28 18-33-25,main
loadRoutes,2021-04-28 18-33-25,main
loadTrips,2021-04-28 18-33-26,main
loadTravellers,2021-04-28 18-33-26,main
addDestination,2021-04-28 18-33-26,main
addDestination,2021-04-28 18-34-47,AWT-EventQueue-0
loadDestinations,2021-04-28 18-41-10,main
loadRoutes,2021-04-28 18-41-11,main
loadTrips,2021-04-28 18-41-11,main
loadTravellers,2021-04-28 18-41-11,main
loadDestinations,2021-04-28 18-47-14,main
loadRoutes,2021-04-28 18-47-15,main
loadTrips,2021-04-28 18-47-15,main
loadTravellers,2021-04-28 18-47-15,main
addDestination,2021-04-28 18-47-15,main
showDestinations,2021-04-28 18-47-15,main
deleteDestination,2021-04-28 18-47-15,main
showDestinations,2021-04-28 18-47-15,main
loadDestinations,2021-04-28 18-59-54,main
loadRoutes,2021-04-28 18-59-54,main
loadTrips,2021-04-28 18-59-54,main
loadTravellers,2021-04-28 18-59-54,main
addDestination,2021-04-28 18-59-54,main
addDestination,2021-04-28 18-59-55,main
showDestinations,2021-04-28 18-59-55,main
deleteDestination,2021-04-28 18-59-55,main
showDestinations,2021-04-28 18-59-55,main
loadDestinations,2021-04-28 19-00-19,main
loadRoutes,2021-04-28 19-00-20,main
loadTrips,2021-04-28 19-00-20,main
loadTravellers,2021-04-28 19-00-20,main
addDestination,2021-04-28 19-00-20,main
addDestination,2021-04-28 19-00-20,main
showDestinations,2021-04-28 19-00-20,main
deleteDestination,2021-04-28 19-00-20,main
showDestinations,2021-04-28 19-00-20,main
loadDestinations,2021-04-28 19-02-49,main
loadRoutes,2021-04-28 19-02-49,main
loadTrips,2021-04-28 19-02-49,main
loadTravellers,2021-04-28 19-02-49,main
showDestinations,2021-04-28 19-02-49,main
loadDestinations,2021-04-28 19-03-05,main
loadRoutes,2021-04-28 19-03-06,main
loadTrips,2021-04-28 19-03-06,main
loadTravellers,2021-04-28 19-03-06,main
showDestinations,2021-04-28 19-03-06,main
loadDestinations,2021-04-28 19-03-21,main
loadRoutes,2021-04-28 19-03-22,main
loadTrips,2021-04-28 19-03-22,main
loadTravellers,2021-04-28 19-03-22,main
showDestinations,2021-04-28 19-03-22,main
loadDestinations,2021-04-28 19-03-46,main
loadRoutes,2021-04-28 19-03-46,main
loadTrips,2021-04-28 19-03-46,main
loadTravellers,2021-04-28 19-03-46,main
showDestinations,2021-04-28 19-03-46,main
loadDestinations,2021-04-28 19-05-21,main
loadRoutes,2021-04-28 19-05-21,main
loadTrips,2021-04-28 19-05-21,main
loadTravellers,2021-04-28 19-05-21,main
showDestinations,2021-04-28 19-05-21,main
addRoute,2021-04-28 19-05-21,main
showRoutes,2021-04-28 19-05-21,main
editRoute,2021-04-28 19-05-21,main
showRoutes,2021-04-28 19-05-21,main
loadDestinations,2021-04-28 19-07-14,main
loadRoutes,2021-04-28 19-07-15,main
loadTrips,2021-04-28 19-07-15,main
loadTravellers,2021-04-28 19-07-15,main
showDestinations,2021-04-28 19-07-15,main
addRoute,2021-04-28 19-07-15,main
showRoutes,2021-04-28 19-07-15,main
editRoute,2021-04-28 19-07-15,main
showRoutes,2021-04-28 19-07-15,main
loadDestinations,2021-04-28 19-08-39,main
loadRoutes,2021-04-28 19-08-39,main
loadTrips,2021-04-28 19-08-39,main
loadTravellers,2021-04-28 19-08-39,main
showDestinations,2021-04-28 19-08-39,main
addRoute,2021-04-28 19-08-39,main
showRoutes,2021-04-28 19-08-39,main
editRoute,2021-04-28 19-08-39,main
showRoutes,2021-04-28 19-08-39,main
loadDestinations,2021-04-28 19-09-36,main
loadRoutes,2021-04-28 19-09-36,main
loadTrips,2021-04-28 19-09-36,main
loadTravellers,2021-04-28 19-09-36,main
addDestination,2021-04-28 19-09-36,main
showDestinations,2021-04-28 19-09-36,main
addRoute,2021-04-28 19-09-36,main
showRoutes,2021-04-28 19-09-36,main
editRoute,2021-04-28 19-09-36,main
showRoutes,2021-04-28 19-09-37,main
loadDestinations,2021-04-28 19-09-56,main
loadRoutes,2021-04-28 19-09-56,main
loadTrips,2021-04-28 19-09-56,main
loadTravellers,2021-04-28 19-09-56,main
addDestination,2021-04-28 19-09-56,main
addDestination,2021-04-28 19-09-57,main
showDestinations,2021-04-28 19-09-57,main
addRoute,2021-04-28 19-09-57,main
showRoutes,2021-04-28 19-09-57,main
editRoute,2021-04-28 19-09-57,main
showRoutes,2021-04-28 19-09-57,main
loadDestinations,2021-04-28 19-15-09,main
loadRoutes,2021-04-28 19-15-09,main
loadTrips,2021-04-28 19-15-09,main
loadTravellers,2021-04-28 19-15-09,main
addDestination,2021-04-28 19-15-09,main
addDestination,2021-04-28 19-15-09,main
showDestinations,2021-04-28 19-15-09,main
addRoute,2021-04-28 19-15-09,main
showRoutes,2021-04-28 19-15-09,main
editRoute,2021-04-28 19-15-09,main
showRoutes,2021-04-28 19-15-10,main
loadDestinations,2021-04-28 19-32-33,main
loadRoutes,2021-04-28 19-32-34,main
loadTrips,2021-04-28 19-32-34,main
loadTravellers,2021-04-28 19-32-34,main
addDestination,2021-04-28 19-32-34,main
loadDestinations,2021-04-28 19-33-17,main
loadRoutes,2021-04-28 19-33-18,main
loadTrips,2021-04-28 19-33-18,main
loadTravellers,2021-04-28 19-33-18,main
loadDestinations,2021-04-28 19-34-44,main
loadRoutes,2021-04-28 19-34-44,main
loadTrips,2021-04-28 19-34-44,main
loadTravellers,2021-04-28 19-34-44,main
addDestination,2021-04-28 19-34-44,main
loadDestinations,2021-04-28 19-35-44,main
loadRoutes,2021-04-28 19-35-45,main
loadTrips,2021-04-28 19-35-45,main
loadTravellers,2021-04-28 19-35-45,main
addDestination,2021-04-28 19-35-45,main
addDestination,2021-04-28 19-35-45,main
loadDestinations,2021-04-28 19-36-32,main
loadRoutes,2021-04-28 19-36-32,main
loadTrips,2021-04-28 19-36-32,main
loadTravellers,2021-04-28 19-36-32,main
addDestination,2021-04-28 19-36-32,main
addDestination,2021-04-28 19-36-32,main
addRoute,2021-04-28 19-36-32,main
loadDestinations,2021-04-28 19-36-57,main
loadRoutes,2021-04-28 19-36-57,main
loadTrips,2021-04-28 19-36-57,main
loadTravellers,2021-04-28 19-36-57,main
addDestination,2021-04-28 19-36-57,main
addDestination,2021-04-28 19-36-58,main
addDestination,2021-04-28 19-36-58,main
addRoute,2021-04-28 19-36-58,main
loadDestinations,2021-04-28 19-38-57,main
loadRoutes,2021-04-28 19-38-58,main
loadTrips,2021-04-28 19-38-58,main
loadTravellers,2021-04-28 19-38-58,main
addDestination,2021-04-28 19-38-58,main
addDestination,2021-04-28 19-38-58,main
addDestination,2021-04-28 19-38-58,main
addRoute,2021-04-28 19-38-58,main
loadDestinations,2021-04-28 19-39-33,main
loadRoutes,2021-04-28 19-39-33,main
loadTrips,2021-04-28 19-39-33,main
loadTravellers,2021-04-28 19-39-33,main
addDestination,2021-04-28 19-39-33,main
addDestination,2021-04-28 19-39-33,main
addDestination,2021-04-28 19-39-34,main
addRoute,2021-04-28 19-39-34,main
addRoute,2021-04-28 19-39-34,main
loadDestinations,2021-04-28 19-44-44,main
loadRoutes,2021-04-28 19-44-44,main
loadTrips,2021-04-28 19-44-44,main
loadTravellers,2021-04-28 19-44-44,main
addDestination,2021-04-28 19-44-44,main
addDestination,2021-04-28 19-44-45,main
showDestinations,2021-04-28 19-44-45,main
deleteDestination,2021-04-28 19-44-45,main
showDestinations,2021-04-28 19-44-45,main
addDestination,2021-04-28 19-44-45,main
addDestination,2021-04-28 19-44-45,main
addRoute,2021-04-28 19-44-45,main
addRoute,2021-04-28 19-44-45,main
showRoutes,2021-04-28 19-44-45,main
loadDestinations,2021-04-28 19-45-22,main
loadRoutes,2021-04-28 19-45-22,main
loadTrips,2021-04-28 19-45-22,main
loadTravellers,2021-04-28 19-45-22,main
addDestination,2021-04-28 19-45-22,main
addDestination,2021-04-28 19-45-22,main
showDestinations,2021-04-28 19-45-22,main
deleteDestination,2021-04-28 19-45-22,main
showDestinations,2021-04-28 19-45-22,main
addDestination,2021-04-28 19-45-22,main
addDestination,2021-04-28 19-45-22,main
addRoute,2021-04-28 19-45-22,main
addRoute,2021-04-28 19-45-22,main
showRoutes,2021-04-28 19-45-22,main
editRoute,2021-04-28 19-45-22,main
showRoutes,2021-04-28 19-45-22,main
loadDestinations,2021-04-28 20-14-33,main
loadRoutes,2021-04-28 20-14-33,main
loadTrips,2021-04-28 20-14-33,main
loadTravellers,2021-04-28 20-14-33,main
addDestination,2021-04-28 20-14-33,main
addDestination,2021-04-28 20-14-33,main
showDestinations,2021-04-28 20-14-33,main
deleteDestination,2021-04-28 20-14-33,main
showDestinations,2021-04-28 20-14-33,main
addDestination,2021-04-28 20-14-33,main
addDestination,2021-04-28 20-14-33,main
addRoute,2021-04-28 20-14-33,main
addRoute,2021-04-28 20-14-33,main
showRoutes,2021-04-28 20-14-33,main
editRoute,2021-04-28 20-14-33,main
showRoutes,2021-04-28 20-14-33,main
deleteRoute,2021-04-28 20-14-33,main
showRoutes,2021-04-28 20-14-33,main
loadDestinations,2021-04-28 20-19-18,main
loadRoutes,2021-04-28 20-19-18,main
loadTrips,2021-04-28 20-19-18,main
loadTravellers,2021-04-28 20-19-18,main
addDestination,2021-04-28 20-19-18,main
addDestination,2021-04-28 20-19-18,main
loadTrips,2021-04-28 20-19-18,main
addTrip,2021-04-28 20-19-18,main
editDestination,2021-04-28 20-19-18,main
showTrips,2021-04-28 20-19-18,main
loadDestinations,2021-04-28 20-21-55,main
loadRoutes,2021-04-28 20-21-56,main
loadTrips,2021-04-28 20-21-56,main
loadTravellers,2021-04-28 20-21-56,main
addDestination,2021-04-28 20-21-56,main
addDestination,2021-04-28 20-21-56,main
loadTrips,2021-04-28 20-21-56,main
addTrip,2021-04-28 20-21-56,main
editDestination,2021-04-28 20-21-56,main
showTrips,2021-04-28 20-21-56,main
addTraveller,2021-04-28 20-21-56,main
addTraveller,2021-04-28 20-21-56,main
loadDestinations,2021-04-28 20-22-25,main
loadRoutes,2021-04-28 20-22-26,main
loadTrips,2021-04-28 20-22-26,main
loadTravellers,2021-04-28 20-22-26,main
addDestination,2021-04-28 20-22-26,main
addDestination,2021-04-28 20-22-26,main
loadTrips,2021-04-28 20-22-26,main
addTrip,2021-04-28 20-22-26,main
editDestination,2021-04-28 20-22-26,main
showTrips,2021-04-28 20-22-26,main
addTraveller,2021-04-28 20-22-26,main
addTraveller,2021-04-28 20-22-26,main
loadDestinations,2021-04-28 20-23-02,main
loadRoutes,2021-04-28 20-23-02,main
loadTrips,2021-04-28 20-23-02,main
loadTravellers,2021-04-28 20-23-02,main
addDestination,2021-04-28 20-23-02,main
addDestination,2021-04-28 20-23-02,main
loadTrips,2021-04-28 20-23-02,main
addTrip,2021-04-28 20-23-02,main
editDestination,2021-04-28 20-23-02,main
showTrips,2021-04-28 20-23-02,main
addTraveller,2021-04-28 20-23-02,main
addTraveller,2021-04-28 20-23-02,main
loadDestinations,2021-04-28 20-23-54,main
loadRoutes,2021-04-28 20-23-54,main
loadTrips,2021-04-28 20-23-54,main
loadTravellers,2021-04-28 20-23-54,main
addDestination,2021-04-28 20-23-54,main
addDestination,2021-04-28 20-23-54,main
loadTrips,2021-04-28 20-23-54,main
addTrip,2021-04-28 20-23-54,main
editDestination,2021-04-28 20-23-54,main
showTrips,2021-04-28 20-23-54,main
addTraveller,2021-04-28 20-23-54,main
addTraveller,2021-04-28 20-23-54,main
deleteTraveller,2021-04-28 20-23-54,main
loadDestinations,2021-04-28 20-24-37,main
loadRoutes,2021-04-28 20-24-37,main
loadTrips,2021-04-28 20-24-37,main
loadTravellers,2021-04-28 20-24-37,main
addDestination,2021-04-28 20-24-37,main
addDestination,2021-04-28 20-24-37,main
loadTrips,2021-04-28 20-24-37,main
addTrip,2021-04-28 20-24-37,main
editDestination,2021-04-28 20-24-37,main
showTrips,2021-04-28 20-24-37,main
addTraveller,2021-04-28 20-24-37,main
addTraveller,2021-04-28 20-24-38,main
deleteTraveller,2021-04-28 20-24-38,main
loadDestinations,2021-04-28 20-25-39,main
loadRoutes,2021-04-28 20-25-39,main
loadTrips,2021-04-28 20-25-39,main
loadTravellers,2021-04-28 20-25-39,main
addDestination,2021-04-28 20-25-39,main
addDestination,2021-04-28 20-25-39,main
loadTrips,2021-04-28 20-25-40,main
addTrip,2021-04-28 20-25-40,main
editDestination,2021-04-28 20-25-40,main
showTrips,2021-04-28 20-25-40,main
addTraveller,2021-04-28 20-25-40,main
addTraveller,2021-04-28 20-25-40,main
deleteTraveller,2021-04-28 20-25-40,main
editTraveller,2021-04-28 20-25-40,main
loadDestinations,2021-04-28 20-28-04,main
loadRoutes,2021-04-28 20-28-05,main
loadTrips,2021-04-28 20-28-05,main
loadTravellers,2021-04-28 20-28-05,main
addDestination,2021-04-28 20-28-05,main
addDestination,2021-04-28 20-28-05,main
showDestinations,2021-04-28 20-28-05,main
deleteDestination,2021-04-28 20-28-05,main
showDestinations,2021-04-28 20-28-05,main
addDestination,2021-04-28 20-28-05,main
addDestination,2021-04-28 20-28-05,main
addRoute,2021-04-28 20-28-05,main
addRoute,2021-04-28 20-28-05,main
loadDestinations,2021-04-28 20-29-33,main
loadRoutes,2021-04-28 20-29-33,main
loadTrips,2021-04-28 20-29-33,main
loadTravellers,2021-04-28 20-29-33,main
addDestination,2021-04-28 20-29-34,main
addDestination,2021-04-28 20-29-34,main
showDestinations,2021-04-28 20-29-34,main
deleteDestination,2021-04-28 20-29-34,main
showDestinations,2021-04-28 20-29-34,main
addDestination,2021-04-28 20-29-34,main
addDestination,2021-04-28 20-29-34,main
addRoute,2021-04-28 20-29-34,main
addRoute,2021-04-28 20-29-34,main
loadDestinations,2021-04-28 20-31-11,main
loadRoutes,2021-04-28 20-31-11,main
loadTrips,2021-04-28 20-31-12,main
loadTravellers,2021-04-28 20-31-12,main
addDestination,2021-04-28 20-31-12,main
addDestination,2021-04-28 20-31-12,main
addDestination,2021-04-28 20-31-12,main
addDestination,2021-04-28 20-31-12,main
addRoute,2021-04-28 20-31-12,main
addRoute,2021-04-28 20-31-12,main
showRoutes,2021-04-28 20-31-12,main
editRoute,2021-04-28 20-31-12,main
showRoutes,2021-04-28 20-31-12,main
deleteRoute,2021-04-28 20-31-12,main
showRoutes,2021-04-28 20-31-12,main
addDestination,2021-04-28 20-31-12,main
addDestination,2021-04-28 20-31-12,main
loadTrips,2021-04-28 20-31-12,main
addTrip,2021-04-28 20-31-12,main
editDestination,2021-04-28 20-31-12,main
showTrips,2021-04-28 20-31-12,main
addTraveller,2021-04-28 20-31-12,main
addTraveller,2021-04-28 20-31-12,main
deleteTraveller,2021-04-28 20-31-12,main
editTraveller,2021-04-28 20-31-12,main
loadDestinations,2021-04-28 20-34-17,main
loadRoutes,2021-04-28 20-34-17,main
loadTrips,2021-04-28 20-34-17,main
loadTravellers,2021-04-28 20-34-17,main
addDestination,2021-04-28 20-34-17,main
addDestination,2021-04-28 20-34-17,main
addDestination,2021-04-28 20-34-17,main
addDestination,2021-04-28 20-34-17,main
addRoute,2021-04-28 20-34-17,main
addRoute,2021-04-28 20-34-17,main
showRoutes,2021-04-28 20-34-17,main
editRoute,2021-04-28 20-34-17,main
showRoutes,2021-04-28 20-34-17,main
deleteRoute,2021-04-28 20-34-17,main
showRoutes,2021-04-28 20-34-17,main
addDestination,2021-04-28 20-34-17,main
addDestination,2021-04-28 20-34-17,main
loadTrips,2021-04-28 20-34-17,main
addTrip,2021-04-28 20-34-17,main
editDestination,2021-04-28 20-34-17,main
showTrips,2021-04-28 20-34-17,main
addTraveller,2021-04-28 20-34-17,main
addTraveller,2021-04-28 20-34-17,main
deleteTraveller,2021-04-28 20-34-17,main
editTraveller,2021-04-28 20-34-17,main
